4.0, 9700
4.0, 5145
4.0, 3416
4.0, 2925
4.0, 2008
4.0, 2040
4.0, 1700
4.0, 1626
4.0, 1672
4.0, 1604
4.0, 1435
4.0, 1389
4.0, 1183
4.0, 1278
4.0, 1529
4.0, 937
4.0, 1239
4.0, 949
4.0, 1611
4.0, 1137
4.0, 706
4.0, 1099
4.0, 1089
4.0, 1047
4.0, 1156
4.0, 1111
4.0, 809
4.0, 759
4.0, 1397
4.0, 828
4.0, 908
4.0, 1210
4.0, 552
4.0, 914
4.0, 958
4.0, 981
4.0, 841
4.0, 1014
4.0, 704
4.0, 940
4.0, 596
4.0, 831
4.0, 693
4.0, 935
4.0, 994
4.0, 596
4.0, 694
4.0, 475
4.0, 877
4.0, 598
4.0, 614
4.0, 715
4.0, 847
4.0, 589
4.0, 632
4.0, 711
4.0, 769
4.0, 778
4.0, 761
4.0, 374
4.5, 190
4.5, 215
4.0, 554
4.0, 413
4.0, 647
4.0, 584
4.0, 458
4.5, 201
4.0, 325
4.5, 269
4.5, 275
4.0, 450
4.5, 150
4.5, 221
4.0, 608
4.5, 214
4.5, 266
4.5, 250
4.0, 615
4.0, 416
4.0, 552
4.0, 512
4.5, 260
4.0, 527
4.0, 350
4.0, 448
4.0, 309
4.0, 466
4.0, 440
4.0, 457
4.5, 198
4.0, 395
4.5, 133
4.0, 322
4.0, 235
4.0, 388
4.0, 259
4.5, 205
4.0, 465
4.0, 346
4.0, 271
4.0, 378
4.5, 164
4.0, 217
4.5, 131
4.5, 144
4.0, 476
4.0, 261
4.0, 354
4.0, 397
4.5, 213
4.0, 442
4.0, 1103
4.0, 329
4.0, 306
4.5, 144
4.0, 945
4.5, 116
4.5, 139
4.0, 258
4.5, 187
4.0, 235
4.0, 400
4.5, 191
3.5, 573
3.5, 561
5.0, 79
4.0, 210
4.0, 179
4.0, 292
4.0, 341
4.0, 379
4.0, 392
3.5, 485
4.0, 318
4.5, 141
4.0, 294
4.0, 301
4.0, 262
4.0, 276
3.5, 439
4.0, 358
3.5, 737
4.5, 105
4.0, 246
4.0, 172
4.0, 211
4.0, 349
3.5, 340
3.5, 427
3.5, 363
4.5, 127
3.5, 542
3.5, 411
4.5, 254
4.0, 214
4.0, 222
4.0, 297
4.5, 106
4.0, 279
4.0, 210
4.5, 80
4.0, 232
4.0, 243
4.5, 137
4.5, 116
4.0, 251
4.0, 225
4.0, 247
4.0, 346
4.0, 275
4.5, 105
3.5, 293
3.5, 616
4.5, 128
4.0, 186
4.0, 323
4.0, 199
4.0, 219
4.0, 671
4.0, 256
4.0, 209
3.5, 280
4.0, 212
4.0, 292
4.0, 150
4.5, 122
4.0, 198
4.0, 159
4.0, 209
4.0, 230
3.5, 307
4.5, 95
3.5, 362
4.0, 245
3.5, 279
3.5, 266
4.5, 114
4.0, 647
4.0, 150
4.5, 100
3.5, 603
4.0, 174
4.5, 104
4.0, 188
3.5, 229
4.0, 791
3.5, 306
3.5, 453
4.0, 114
3.5, 290
4.0, 149
4.0, 132
4.0, 105
4.5, 75
3.5, 272
4.5, 59
5.0, 53
3.5, 235
4.0, 153
4.0, 114
3.5, 271
3.5, 420
3.5, 226
3.5, 374
4.0, 210
3.5, 254
3.5, 294
4.0, 157
3.5, 200
4.0, 152
4.5, 69
4.5, 80
4.0, 154
4.0, 118
3.5, 268
3.5, 428
4.0, 163
3.5, 309
4.0, 842
4.5, 55
3.5, 257
3.5, 282
4.0, 179
4.0, 200
3.5, 245
3.5, 193
4.5, 275
4.0, 136
4.5, 169
4.0, 130
4.0, 103
3.5, 244
4.0, 110
3.5, 154
3.5, 202
4.0, 132
3.5, 147
3.5, 164
3.5, 349
4.0, 641
4.0, 156
4.0, 149
4.0, 792
4.5, 63
3.5, 322
4.0, 108
4.5, 50
4.5, 51
4.5, 96
4.0, 114
4.0, 90
4.0, 224
4.0, 141
3.5, 169
4.5, 60
4.0, 133
4.0, 174
4.0, 131
4.0, 407
4.0, 77
4.5, 62
4.0, 96
4.5, 45
4.5, 58
3.5, 203
4.0, 94
4.0, 111
4.0, 111
4.5, 50
4.0, 115
3.5, 153
3.5, 153
4.0, 136
4.0, 129
3.5, 197
3.5, 177
4.5, 228
4.5, 45
3.0, 271
4.0, 82
4.0, 132
4.0, 115
3.5, 210
4.5, 94
3.5, 180
3.5, 181
3.5, 146
4.0, 433
4.0, 102
4.0, 74
4.0, 103
3.5, 211
3.5, 178
4.0, 389
3.5, 174
3.5, 209
4.0, 72
4.0, 567
4.0, 69
4.0, 77
3.5, 172
4.0, 94
4.0, 558
3.5, 164
3.5, 120
3.5, 176
3.5, 136
4.0, 347
4.5, 143
4.0, 124
3.5, 198
3.5, 121
4.0, 647
3.5, 175
4.0, 74
3.0, 237
3.5, 141
4.0, 84
3.5, 995
4.0, 351
4.0, 671
4.0, 112
4.5, 84
4.5, 122
4.0, 112
4.5, 74
4.0, 62
4.5, 50
4.0, 166
3.0, 241
3.5, 119
4.0, 79
4.0, 73
4.0, 53
3.5, 97
3.5, 123
4.0, 126
4.0, 105
3.5, 182
3.5, 202
3.5, 135
3.5, 191
4.0, 66
4.0, 439
3.5, 97
4.5, 59
3.5, 219
3.0, 205
4.0, 230
4.5, 210
4.0, 152
4.5, 41
3.5, 139
3.5, 94
4.0, 338
4.0, 85
3.0, 236
3.5, 91
4.5, 247
3.5, 107
5.0, 18
4.0, 71
3.5, 97
3.5, 443
3.0, 247
3.5, 152
3.5, 95
4.5, 27
3.5, 134
4.5, 130
4.5, 42
3.5, 73
3.5, 84
4.0, 40
3.0, 158
3.5, 110
4.5, 29
3.5, 80
4.5, 44
3.5, 96
4.0, 506
4.0, 75
3.5, 128
3.5, 93
3.5, 99
3.5, 127
3.5, 93
4.0, 302
4.0, 47
3.5, 134
4.0, 263
3.0, 201
4.0, 290
4.0, 47
3.0, 150
4.0, 193
4.0, 286
4.0, 58
3.0, 110
4.0, 360
4.5, 35
3.0, 135
4.0, 126
3.0, 167
4.0, 116
3.5, 100
4.0, 217
4.5, 20
3.5, 557
4.0, 247
3.0, 184
4.0, 129
4.0, 381
3.5, 140
4.0, 380
3.5, 63
4.5, 30
3.5, 72
3.5, 86
3.5, 55
5.0, 17
3.0, 111
4.0, 247
4.0, 32
3.5, 367
3.0, 146
4.0, 83
3.0, 192
3.0, 131
4.0, 44
4.5, 109
3.5, 265
4.0, 220
4.0, 205
4.0, 189
3.5, 77
3.5, 67
3.0, 164
4.5, 86
4.0, 56
3.0, 76
4.0, 158
4.5, 27
4.0, 338
3.0, 132
3.0, 154
4.0, 41
3.0, 143
3.5, 414
4.0, 180
3.5, 74
4.0, 42
3.0, 128
3.5, 65
4.5, 54
3.5, 106
3.0, 107
4.0, 117
4.5, 103
3.5, 57
3.5, 188
3.5, 60
4.0, 108
3.5, 242
3.0, 96
3.5, 143
4.0, 35
4.0, 265
4.0, 25
3.0, 107
4.5, 18
4.5, 49
4.5, 39
4.0, 24
4.0, 242
3.0, 100
4.0, 352
3.0, 69
3.5, 48
3.5, 246
3.0, 85
3.5, 179
3.0, 76
4.0, 106
3.5, 223
3.5, 155
3.5, 225
5.0, 37
4.5, 110
2.5, 205
3.0, 77
3.5, 33
2.5, 144
3.0, 69
3.5, 28
4.5, 95
3.5, 35
3.5, 44
4.0, 124
4.0, 24
3.0, 73
3.5, 45
3.5, 142
3.0, 93
3.0, 69
3.0, 83
3.5, 94
2.5, 127
5.0, 42
4.5, 58
4.0, 108
4.0, 135
4.0, 204
4.0, 94
3.0, 49
2.5, 96
3.5, 46
3.0, 76
4.0, 53
3.5, 370
3.5, 44
3.5, 99
3.5, 160
4.0, 59
4.0, 85
3.5, 31
4.0, 163
3.5, 130
3.0, 69
3.5, 40
4.0, 113
3.5, 105
3.5, 34
3.0, 83
5.0, 15
3.5, 170
3.5, 200
3.0, 65
3.5, 24
3.5, 154
3.5, 165
4.0, 123
5.0, 7
4.0, 38
2.5, 89
4.5, 41
4.5, 53
3.0, 52
4.5, 55
4.0, 79
4.5, 28
4.0, 20
3.5, 88
4.0, 18
4.5, 51
3.5, 74
3.5, 284
3.5, 143
4.5, 56
4.0, 40
3.5, 160
4.0, 36
3.0, 29
3.5, 208
3.0, 26
3.0, 55
3.5, 14
3.0, 40
3.5, 55
3.0, 32
4.5, 31
3.5, 95
3.5, 120
4.5, 27
4.0, 43
4.0, 14
3.0, 27
2.0, 94
4.0, 54
4.5, 7
3.5, 120
4.0, 50
2.0, 73
3.5, 97
4.5, 22
3.0, 28
4.0, 36
5.0, 9
3.5, 90
3.0, 246
4.0, 10
4.0, 37
2.5, 45
2.5, 37
4.5, 9
2.5, 244
3.0, 154
3.5, 72
4.0, 25
3.0, 88
3.5, 73
3.0, 84
4.0, 39
3.5, 119
4.0, 46
4.0, 43
3.5, 15
3.0, 75
3.5, 16
4.5, 7
3.5, 14
3.5, 85
3.5, 72
3.0, 48
4.0, 26
2.5, 29
3.5, 46
4.5, 75
3.0, 28
3.5, 50
3.5, 73
3.5, 19
3.5, 64
5.0, 4
4.5, 28
3.5, 28
4.0, 9
4.5, 22
3.0, 86
2.5, 33
3.0, 110
3.0, 13
3.0, 18
3.5, 11
2.5, 21
4.0, 29
2.0, 44
3.5, 50
3.5, 7
4.0, 5
3.5, 85
4.5, 3
3.5, 25
3.5, 35
3.5, 38
4.5, 4
4.0, 8
3.5, 86
5.0, 3
3.5, 56
4.0, 17
4.5, 25
3.0, 16
3.0, 43
3.0, 133
3.5, 34
4.0, 4
2.0, 28
4.0, 29
3.5, 6
4.0, 5
4.0, 14
2.0, 35
2.5, 22
3.5, 31
3.0, 72
3.0, 55
3.0, 48
2.5, 18
3.0, 10
3.5, 27
4.0, 35
3.0, 41
2.0, 20
3.0, 8
5.0, 2
4.0, 4
4.0, 13
2.5, 86
3.0, 42
2.5, 51
4.5, 2
2.5, 10
2.5, 8
3.5, 24
2.0, 120
2.5, 7
2.0, 12
5.0, 3
3.5, 4
2.0, 9
2.5, 10
3.0, 5
3.0, 4
3.0, 5
5.0, 1
4.0, 10
2.0, 11
5.0, 1
5.0, 1
3.5, 4
4.0, 2
2.5, 5
2.5, 35
3.0, 5
5.0, 1
1.5, 15
1.5, 13
3.5, 2
3.5, 14
5.0, 3
3.5, 7
3.5, 2
3.0, 20
4.0, 9
2.5, 4
2.5, 4
4.0, 7
2.0, 5
4.0, 5
4.0, 1
3.0, 2
2.5, 3
2.5, 2
2.5, 23
3.0, 12
2.5, 2
2.5, 2
4.0, 3
2.0, 6
4.0, 4
3.0, 1
3.0, 1
1.5, 4
3.0, 1
2.0, 4
3.0, 2
2.5, 10
3.0, 6
3.0, 2
1.5, 3
2.5, 3
5.0, 1
3.5, 3
2.0, 1
1.0, 2
1.0, 3
3.0, 5
2.0, 1
1.0, 2
1.0, 1
1.0, 1
4.0, 1
3.0, 4
3.0, 9
3.0, 2
5.0, 3
1.5, 8
1.0, 1
5.0, 1
5.0, 1
5.0, 1
1.0, 1
5.0, 1
1.0, 1
4.0, 3727
4.0, 5671
4.0, 2437
4.0, 1552
4.0, 1487
4.0, 1485
4.0, 1631
4.0, 1612
4.0, 1937
4.0, 1492
4.0, 968
4.0, 1118
3.5, 1870
4.0, 1368
3.5, 2057
4.0, 1109
4.0, 816
4.0, 553
3.5, 1363
4.0, 934
3.5, 1779
3.5, 2156
4.0, 649
3.5, 1300
4.0, 924
4.0, 457
3.5, 1201
3.5, 842
3.5, 1456
3.5, 1023
4.0, 737
4.0, 580
4.0, 370
4.0, 437
4.0, 511
3.5, 1463
4.0, 494
3.5, 1631
4.0, 521
3.5, 1417
4.0, 392
5.0, 131
4.0, 649
4.0, 602
4.0, 708
3.5, 750
3.5, 715
4.5, 218
4.0, 549
3.5, 683
4.0, 504
3.5, 635
4.0, 401
4.5, 227
4.0, 516
4.0, 510
4.0, 469
4.0, 449
4.0, 293
4.5, 160
4.0, 513
4.0, 287
4.5, 156
3.5, 625
3.5, 612
3.5, 585
4.0, 371
4.5, 133
4.0, 376
4.0, 219
4.0, 183
3.5, 496
4.0, 280
3.5, 626
3.5, 790
3.5, 482
4.0, 297
4.0, 430
4.0, 354
3.5, 558
4.0, 265
4.5, 168
3.5, 786
3.5, 736
4.0, 162
4.0, 271
4.0, 222
3.5, 411
4.0, 303
3.5, 534
4.5, 156
4.0, 165
3.5, 386
4.0, 174
4.0, 238
3.5, 319
3.5, 464
3.5, 379
4.0, 263
4.5, 127
3.5, 302
4.5, 81
3.5, 385
3.5, 485
4.0, 277
4.0, 220
4.0, 279
3.5, 489
3.5, 365
3.5, 534
4.0, 227
4.5, 128
3.5, 427
4.5, 127
4.0, 256
4.0, 208
3.5, 404
4.0, 163
3.5, 286
4.0, 235
4.5, 89
4.0, 182
4.0, 175
3.5, 359
4.0, 198
4.0, 200
3.5, 264
3.5, 289
3.5, 268
4.0, 105
4.0, 138
4.5, 77
4.0, 110
4.0, 205
4.0, 171
3.5, 225
3.5, 205
4.0, 162
4.5, 62
3.5, 408
3.5, 422
3.5, 228
3.5, 247
4.0, 126
3.5, 289
4.0, 153
3.5, 391
4.0, 141
3.5, 281
3.5, 203
4.5, 83
3.5, 362
3.5, 294
4.0, 155
3.5, 287
4.5, 68
3.5, 174
3.5, 198
4.0, 134
3.5, 192
3.5, 175
3.5, 265
3.5, 365
4.5, 69
3.5, 189
3.5, 194
4.0, 128
3.5, 222
3.5, 167
4.0, 113
4.0, 135
3.5, 275
3.5, 240
4.0, 122
4.5, 57
4.0, 143
3.5, 151
3.5, 244
3.5, 224
3.5, 214
4.0, 84
4.0, 79
4.0, 71
4.0, 105
3.5, 168
3.5, 158
4.5, 56
4.0, 83
4.0, 92
4.0, 81
4.0, 132
3.5, 151
3.5, 185
4.0, 71
3.5, 162
4.0, 114
4.5, 49
4.0, 101
3.5, 203
3.5, 191
3.5, 148
4.0, 54
3.5, 169
4.0, 354
3.5, 470
3.5, 133
4.0, 59
3.5, 144
3.5, 176
3.5, 178
3.5, 102
4.0, 87
3.5, 126
4.0, 70
3.0, 278
3.5, 180
3.0, 271
3.5, 113
3.5, 180
3.5, 134
3.0, 219
4.0, 80
4.0, 77
3.5, 129
4.0, 69
3.5, 98
4.5, 35
4.0, 80
3.5, 141
3.5, 144
3.0, 259
4.0, 59
4.0, 61
3.5, 115
4.0, 62
4.0, 60
4.0, 247
3.5, 98
3.5, 684
3.0, 193
4.0, 918
4.5, 103
3.5, 102
3.0, 189
4.0, 52
4.0, 69
3.0, 148
3.5, 89
4.0, 200
4.5, 46
4.0, 66
3.0, 188
4.0, 55
4.0, 259
3.0, 143
3.0, 201
3.5, 117
4.5, 30
3.0, 148
3.5, 412
3.5, 472
3.5, 108
3.5, 110
4.0, 615
3.5, 108
4.0, 35
4.0, 186
3.5, 78
4.0, 543
4.0, 59
4.5, 32
3.5, 76
3.5, 71
4.0, 51
4.0, 43
3.0, 125
3.0, 150
4.0, 222
3.5, 57
3.5, 123
3.5, 89
3.0, 148
3.0, 182
3.0, 150
4.0, 38
3.5, 98
3.0, 132
3.5, 90
3.5, 80
3.0, 190
3.0, 148
3.0, 111
3.0, 115
4.0, 165
2.5, 256
3.5, 87
3.5, 56
3.5, 82
3.5, 79
4.0, 210
3.5, 47
3.5, 52
4.5, 18
4.0, 176
4.0, 26
4.0, 37
3.0, 161
3.5, 56
3.0, 155
3.0, 107
4.0, 31
4.0, 44
3.5, 198
4.0, 31
3.5, 43
3.5, 502
2.5, 203
3.5, 41
3.0, 82
4.0, 31
3.5, 248
3.5, 75
3.0, 76
3.0, 117
4.5, 22
3.5, 122
3.5, 57
4.0, 22
3.5, 75
3.5, 336
4.0, 92
3.5, 42
3.5, 49
3.5, 242
3.5, 40
3.5, 155
2.5, 139
4.0, 30
4.0, 25
3.5, 60
3.5, 55
3.0, 94
3.0, 138
3.0, 91
4.0, 138
4.5, 84
3.5, 51
4.0, 28
4.0, 120
3.5, 62
3.5, 34
4.0, 132
4.5, 12
3.0, 62
3.0, 79
2.5, 107
4.0, 189
3.5, 386
4.0, 90
3.5, 296
4.5, 93
3.5, 317
3.0, 58
3.5, 31
3.0, 46
3.5, 31
4.0, 76
3.5, 123
3.0, 69
3.0, 61
3.5, 168
3.5, 43
2.5, 115
4.0, 15
2.5, 142
3.0, 55
3.5, 32
3.5, 24
4.0, 63
3.5, 28
3.5, 33
3.0, 52
4.0, 72
3.5, 126
3.5, 35
3.5, 40
3.5, 28
3.5, 143
3.5, 75
4.5, 84
3.0, 60
3.0, 49
4.0, 24
3.0, 61
4.0, 79
3.5, 23
3.0, 69
4.0, 116
3.5, 25
2.5, 65
3.0, 53
4.0, 100
4.0, 19
3.5, 237
4.5, 62
2.5, 92
4.5, 9
3.5, 28
3.0, 36
3.0, 58
4.0, 109
3.5, 57
3.0, 32
3.0, 35
3.5, 47
2.0, 100
3.0, 49
3.0, 37
3.5, 29
3.0, 59
4.0, 16
3.5, 108
3.5, 113
2.5, 62
4.0, 14
3.0, 55
3.5, 27
3.5, 68
3.0, 119
3.5, 21
3.0, 121
3.5, 63
2.5, 53
2.5, 53
3.5, 16
3.0, 193
3.5, 17
3.0, 29
3.5, 37
3.5, 14
2.5, 56
4.0, 10
3.5, 90
2.5, 37
4.0, 10
3.5, 73
2.5, 55
3.5, 82
3.5, 108
2.0, 80
3.0, 32
4.5, 40
3.0, 254
4.5, 36
3.5, 19
3.5, 14
3.0, 156
4.0, 13
3.5, 20
2.5, 61
3.5, 20
3.0, 31
4.0, 34
3.5, 79
2.5, 52
3.5, 14
2.5, 30
3.5, 77
3.5, 14
3.5, 12
4.0, 12
2.5, 38
3.5, 42
3.0, 28
4.5, 20
4.0, 47
4.0, 10
3.5, 38
3.5, 69
4.0, 57
3.5, 63
3.0, 25
3.5, 18
4.5, 6
3.5, 22
3.0, 28
3.5, 101
3.5, 13
4.0, 7
4.0, 30
4.5, 5
4.5, 7
2.5, 34
3.5, 47
2.0, 67
3.0, 18
4.5, 19
3.0, 20
4.5, 29
4.0, 37
3.0, 18
4.0, 38
3.0, 24
3.5, 40
3.5, 13
4.0, 39
2.5, 46
3.5, 108
3.0, 86
4.0, 9
3.5, 11
3.5, 12
2.0, 90
3.5, 35
3.0, 42
2.5, 44
3.5, 54
4.0, 16
3.5, 38
3.5, 32
4.5, 17
3.5, 35
3.5, 53
3.5, 40
3.0, 17
4.0, 20
3.0, 110
4.0, 16
3.5, 13
3.5, 31
3.5, 67
3.0, 45
3.5, 14
3.0, 65
4.0, 36
4.5, 5
3.0, 17
3.5, 39
4.0, 7
3.5, 12
3.5, 52
3.5, 40
3.0, 55
4.0, 21
3.5, 35
3.5, 70
3.0, 35
3.0, 15
5.0, 5
3.5, 44
2.5, 28
3.0, 12
3.5, 66
3.0, 101
4.0, 13
3.0, 19
2.5, 36
4.5, 26
2.5, 30
3.5, 52
3.5, 13
3.5, 30
2.5, 27
2.0, 40
2.5, 82
3.5, 35
2.5, 19
4.0, 39
4.0, 8
3.5, 9
3.5, 48
3.5, 27
3.0, 37
4.0, 23
3.0, 95
4.5, 4
3.0, 112
4.0, 21
3.0, 27
2.5, 23
3.0, 47
3.0, 14
2.5, 23
3.5, 49
3.0, 47
4.0, 5
3.5, 30
4.5, 10
4.0, 25
3.0, 11
3.5, 50
2.0, 31
2.5, 22
2.0, 155
2.5, 73
3.5, 31
4.0, 26
3.5, 35
3.5, 31
1.5, 51
3.0, 46
3.5, 13
4.5, 8
2.5, 18
3.5, 11
3.0, 52
3.5, 37
3.5, 47
2.5, 16
3.0, 14
4.0, 20
2.0, 30
3.5, 23
2.5, 81
4.5, 24
4.0, 43
4.0, 19
3.5, 7
4.5, 5
4.5, 10
2.0, 32
3.5, 49
3.5, 26
3.5, 41
3.0, 12
3.5, 27
3.5, 17
3.5, 47
4.5, 3
3.5, 14
4.0, 30
4.0, 12
3.5, 8
4.0, 26
3.0, 10
3.0, 93
2.5, 57
3.5, 35
3.5, 24
3.5, 19
3.5, 22
3.5, 14
3.5, 41
3.0, 41
1.5, 38
3.5, 25
3.0, 13
2.5, 66
2.0, 21
2.0, 28
3.5, 46
4.0, 23
4.5, 10
3.5, 6
4.0, 5
3.0, 15
2.5, 12
4.0, 23
4.0, 21
4.0, 15
4.0, 22
3.5, 17
4.0, 23
4.0, 12
2.5, 20
3.0, 48
4.5, 3
3.0, 9
3.0, 56
4.0, 16
3.0, 11
4.0, 22
3.0, 20
3.0, 46
3.0, 48
3.0, 32
3.0, 17
4.0, 19
2.0, 41
3.5, 19
4.5, 9
4.0, 4
3.5, 5
3.5, 21
2.5, 12
3.0, 41
3.5, 24
3.0, 43
3.5, 24
4.0, 12
2.0, 19
3.0, 44
3.5, 24
3.5, 14
3.5, 13
3.5, 6
2.0, 21
3.0, 33
2.5, 14
3.5, 16
2.0, 15
3.0, 46
3.5, 21
4.0, 10
2.5, 11
4.0, 17
3.5, 17
4.0, 15
2.5, 44
3.0, 15
3.0, 18
4.0, 19
3.0, 59
3.0, 27
3.5, 16
3.0, 22
4.0, 4
4.0, 3
3.5, 26
3.5, 15
4.0, 5
3.0, 25
2.5, 11
3.5, 16
2.5, 44
2.5, 40
3.5, 16
3.0, 6
3.5, 4
4.5, 5
3.0, 14
2.5, 9
3.5, 17
2.0, 32
3.0, 15
3.5, 9
3.5, 22
2.5, 66
3.0, 8
5.0, 4
3.5, 20
3.5, 28
4.0, 11
4.0, 7
3.5, 3
4.0, 13
5.0, 5
3.0, 33
3.0, 42
2.5, 7
3.5, 3
5.0, 6
4.0, 11
4.0, 10
4.0, 12
3.0, 38
4.0, 13
2.5, 17
5.0, 4
3.0, 7
3.0, 25
2.5, 18
5.0, 4
2.5, 41
3.0, 21
3.5, 4
4.0, 2
3.5, 3
3.0, 21
4.0, 3
3.5, 17
3.5, 10
4.0, 2
3.0, 22
3.0, 16
3.0, 28
3.0, 14
3.0, 17
2.5, 7
3.5, 20
3.0, 33
5.0, 1
2.0, 12
3.5, 4
3.0, 20
5.0, 1
2.5, 42
5.0, 1
4.0, 8
5.0, 1
4.0, 2
3.5, 3
4.0, 2
2.5, 71
3.5, 3
2.0, 13
4.0, 11
5.0, 1
5.0, 1
3.5, 3
3.0, 17
3.5, 14
5.0, 1
3.0, 5
4.0, 11
3.5, 3
2.5, 29
3.0, 7
3.5, 13
3.5, 15
3.0, 18
3.5, 13
3.0, 5
2.5, 23
5.0, 1
4.0, 9
3.0, 23
3.5, 14
3.0, 27
3.0, 14
3.0, 11
3.5, 11
3.5, 20
2.5, 7
2.5, 32
3.0, 3
3.0, 19
3.0, 3
3.5, 12
4.0, 8
3.0, 28
3.0, 21
3.0, 20
2.5, 13
3.5, 7
3.5, 2
3.5, 7
3.5, 12
3.5, 18
2.5, 55
2.5, 6
2.5, 33
2.5, 30
3.0, 23
3.0, 23
3.0, 18
3.0, 14
2.5, 6
4.0, 8
3.0, 15
3.0, 4
2.5, 4
3.0, 13
3.0, 14
3.0, 13
3.0, 12
3.5, 11
3.0, 17
4.0, 1
3.0, 19
2.5, 3
5.0, 3
2.5, 4
4.0, 9
2.5, 26
3.0, 17
2.0, 34
3.0, 12
3.0, 24
2.5, 3
4.5, 2
4.0, 1
3.5, 4
2.5, 4
3.5, 6
4.5, 5
3.5, 8
3.5, 8
3.5, 12
4.0, 6
4.0, 1
3.0, 6
4.0, 1
4.0, 1
2.5, 13
4.0, 1
2.5, 19
4.0, 1
3.5, 9
4.0, 1
2.0, 29
4.5, 4
4.0, 1
3.0, 6
2.5, 5
3.0, 9
3.0, 20
3.5, 7
2.5, 3
3.0, 18
3.5, 8
4.5, 3
3.5, 8
4.0, 2
3.5, 6
2.5, 17
2.0, 4
2.5, 18
3.5, 12
3.5, 8
2.5, 14
2.5, 2
2.5, 14
3.0, 11
2.5, 18
2.5, 2
3.0, 10
2.5, 2
2.5, 21
2.5, 20
3.0, 9
3.5, 6
3.0, 12
2.5, 15
4.0, 5
2.5, 14
2.5, 3
3.0, 11
4.0, 7
4.0, 5
2.0, 2
3.5, 6
3.0, 1
3.0, 8
4.5, 3
4.0, 6
3.0, 7
2.5, 13
2.5, 13
2.5, 19
3.5, 7
4.0, 9134
4.0, 10899
4.0, 4949
4.0, 5510
4.0, 4093
4.0, 3606
4.0, 5232
4.0, 4564
4.0, 4104
4.0, 4007
4.0, 2787
4.0, 5810
4.0, 2858
4.0, 2595
4.0, 3305
4.0, 2356
4.0, 2513
4.0, 2394
4.0, 2290
4.0, 2337
4.0, 3166
4.0, 2914
4.0, 3088
4.0, 3779
4.0, 1882
4.0, 2014
4.0, 2210
4.0, 1952
4.0, 3224
4.0, 2019
4.0, 1771
4.0, 2509
4.0, 3021
4.0, 2227
4.0, 1888
4.0, 1857
4.0, 2246
4.0, 2711
4.0, 2897
4.0, 1742
4.0, 1694
4.0, 2214
4.0, 1794
4.0, 2960
4.0, 2455
3.5, 4439
4.0, 2189
4.0, 2042
4.0, 2320
4.0, 1870
4.0, 2080
4.0, 2348
4.0, 1900
4.0, 2157
4.0, 1397
4.0, 1468
4.0, 1536
4.0, 2310
4.0, 1793
4.0, 2080
4.0, 2824
4.0, 1497
4.0, 1407
4.0, 1233
4.0, 2319
4.0, 1899
4.0, 1767
4.0, 1695
4.0, 2017
4.0, 1269
4.0, 1963
4.0, 2372
4.0, 1386
4.0, 1254
4.0, 2407
4.0, 1297
4.0, 1625
4.0, 1392
4.0, 1107
3.5, 2658
4.0, 1371
4.0, 1693
4.0, 1634
4.0, 1756
4.0, 1606
4.0, 1392
4.0, 1017
4.0, 1112
4.0, 1432
4.0, 2039
4.0, 1917
4.0, 1280
4.0, 1812
4.0, 1291
4.0, 1684
4.0, 1235
4.0, 1564
4.0, 2118
4.0, 1402
4.0, 1858
4.0, 1272
3.5, 3221
4.0, 1791
4.0, 1287
4.0, 1397
4.0, 1180
4.0, 1336
4.5, 671
4.5, 650
4.0, 1475
4.0, 1091
4.5, 1030
4.5, 583
4.0, 1445
4.0, 1974
4.5, 928
4.5, 611
3.5, 2878
3.5, 3150
4.5, 949
4.0, 982
4.0, 1465
4.5, 781
4.0, 1122
4.5, 528
4.5, 935
4.5, 739
4.0, 1211
4.5, 895
4.0, 1105
4.5, 709
4.0, 1075
4.0, 1158
4.0, 1427
4.0, 1022
4.0, 988
4.0, 1251
4.0, 1026
4.0, 1457
4.0, 1046
4.0, 1026
4.5, 869
4.5, 751
4.5, 746
4.5, 842
4.0, 886
4.0, 1415
4.5, 668
4.0, 1362
4.0, 1968
4.0, 1366
4.0, 1181
4.0, 1189
4.5, 460
4.0, 1707
4.0, 1138
3.5, 2240
4.0, 1350
4.0, 1256
3.5, 2447
4.0, 1373
4.0, 846
4.5, 727
4.0, 1720
4.0, 854
4.5, 382
4.0, 1390
4.0, 1024
4.0, 967
4.5, 760
4.0, 877
4.0, 887
4.0, 876
4.5, 672
4.0, 1183
4.0, 1054
4.0, 979
4.0, 1390
3.5, 1919
4.0, 1184
4.5, 618
4.0, 883
3.5, 1968
4.0, 1022
4.0, 1550
4.0, 1306
3.5, 1764
4.5, 472
4.0, 1329
4.0, 749
4.5, 536
4.5, 638
4.0, 1297
4.0, 839
4.0, 1011
4.5, 500
4.0, 1070
4.0, 1530
4.0, 868
4.5, 529
4.0, 1021
4.0, 1100
4.0, 1204
4.0, 853
4.5, 732
4.0, 1003
4.5, 642
4.0, 1078
4.0, 801
4.0, 901
4.0, 1118
4.0, 986
4.5, 562
4.5, 567
4.0, 1214
4.0, 946
4.0, 1299
4.5, 694
4.5, 542
4.0, 1372
4.0, 1411
4.0, 1059
4.5, 776
4.0, 886
3.5, 1860
4.5, 703
4.0, 1035
3.5, 2914
3.5, 1395
4.0, 859
4.5, 663
3.5, 2295
4.0, 1003
4.0, 1325
4.5, 691
4.0, 1522
4.0, 1438
4.0, 837
4.5, 607
4.5, 478
4.0, 1427
4.0, 1113
4.0, 969
4.5, 307
4.0, 675
4.5, 525
4.0, 973
4.0, 1194
4.0, 1070
4.5, 551
4.0, 928
4.5, 455
4.0, 641
4.0, 1057
4.0, 941
4.5, 624
4.0, 871
4.0, 1480
4.5, 466
4.0, 759
4.0, 605
4.0, 986
4.0, 1111
4.5, 352
4.0, 1020
4.0, 954
4.0, 718
4.0, 1100
4.0, 712
4.5, 491
4.0, 2777
4.5, 580
3.5, 1346
3.5, 2082
4.0, 618
4.0, 834
4.0, 764
3.5, 1358
3.5, 2127
4.0, 683
4.0, 834
4.0, 952
4.5, 545
4.0, 864
4.0, 613
4.0, 1139
5.0, 273
4.0, 875
4.0, 871
4.0, 1126
4.0, 1126
4.0, 910
4.0, 914
4.0, 697
4.5, 473
4.0, 690
4.5, 376
3.5, 1935
4.0, 760
4.0, 991
4.5, 576
4.5, 353
4.0, 1068
3.5, 1676
4.5, 743
4.0, 905
4.0, 774
4.0, 1180
4.5, 644
4.0, 996
4.5, 704
4.0, 946
4.0, 576
4.5, 570
4.0, 597
4.0, 608
5.0, 245
4.0, 612
4.5, 428
4.0, 855
4.0, 766
3.5, 1440
4.5, 318
3.5, 1446
4.0, 658
4.0, 824
3.5, 1316
4.0, 940
4.0, 910
4.0, 704
4.5, 346
4.0, 785
4.5, 429
4.5, 485
4.0, 1389
4.0, 911
4.0, 905
4.0, 897
4.0, 942
4.5, 471
4.5, 458
4.5, 456
4.0, 660
4.5, 267
4.0, 1219
4.0, 993
4.5, 420
4.0, 683
4.0, 665
4.5, 424
4.0, 974
4.0, 969
4.0, 1049
4.5, 356
4.0, 641
4.0, 697
4.0, 759
4.0, 785
4.0, 795
4.0, 643
4.0, 764
4.5, 444
4.5, 428
3.5, 1473
4.5, 273
4.5, 449
4.0, 862
4.5, 544
4.0, 855
4.0, 678
4.0, 1301
4.0, 910
4.0, 702
3.5, 1560
4.0, 602
4.0, 1225
4.0, 700
4.5, 455
4.0, 1065
4.5, 564
4.5, 490
4.5, 475
4.5, 385
4.5, 310
4.0, 844
4.0, 654
4.0, 1188
4.0, 650
3.5, 1343
4.0, 655
4.0, 901
4.0, 569
4.0, 1053
4.5, 380
4.5, 368
4.0, 848
4.5, 338
4.0, 587
4.0, 799
4.0, 862
4.0, 685
4.0, 748
4.5, 276
4.5, 456
4.5, 376
4.0, 719
3.5, 1874
4.0, 875
4.0, 776
3.5, 1234
4.0, 1204
4.0, 520
4.0, 667
4.0, 612
4.5, 379
4.0, 542
4.0, 676
4.5, 298
4.0, 682
4.5, 352
4.0, 1010
4.0, 902
3.5, 1621
3.5, 1168
4.0, 813
4.0, 1092
4.5, 274
4.0, 762
4.0, 516
4.0, 649
4.0, 664
4.0, 643
4.5, 359
4.5, 427
4.0, 718
4.0, 579
3.5, 1165
4.0, 5273
4.5, 421
3.5, 1303
4.5, 315
4.0, 503
4.0, 552
3.5, 1441
4.0, 820
3.5, 1344
4.0, 960
4.0, 802
4.5, 389
4.5, 310
3.5, 1474
3.5, 2058
4.0, 1057
4.0, 863
4.0, 629
4.0, 618
4.0, 883
4.0, 667
4.0, 764
4.0, 833
4.0, 540
4.5, 274
4.0, 476
4.0, 1001
4.0, 826
4.5, 387
4.0, 542
4.0, 715
4.0, 826
4.5, 464
4.5, 278
4.0, 470
4.0, 608
4.0, 857
3.5, 1397
4.5, 539
4.0, 1138
4.0, 532
4.0, 1044
3.5, 1438
4.0, 542
4.0, 552
3.5, 1543
4.0, 531
4.0, 818
4.0, 578
4.0, 731
4.0, 538
4.0, 778
4.5, 314
4.5, 376
4.0, 710
4.5, 381
4.0, 547
4.0, 607
4.0, 765
4.0, 533
4.0, 456
4.0, 944
4.0, 883
3.5, 1694
4.0, 840
4.0, 793
4.0, 521
4.0, 681
4.0, 967
4.0, 623
4.0, 409
4.0, 478
4.5, 337
4.0, 911
4.0, 980
3.5, 1090
4.0, 599
4.5, 473
3.5, 1108
4.5, 266
4.0, 708
4.0, 821
4.0, 843
4.0, 901
3.5, 1173
4.0, 477
4.5, 346
4.0, 655
4.0, 639
4.0, 824
3.5, 1056
4.5, 408
3.5, 1340
4.0, 639
4.0, 609
4.5, 190
3.5, 1400
3.5, 1640
3.5, 1036
4.0, 913
4.0, 803
4.0, 581
4.0, 601
4.0, 875
4.0, 401
4.0, 976
4.0, 596
4.5, 360
4.5, 436
4.0, 817
4.5, 364
4.0, 581
4.0, 836
3.5, 2003
4.5, 229
4.0, 418
4.5, 396
4.0, 687
4.0, 509
3.5, 1018
3.5, 1241
4.0, 920
4.0, 675
4.0, 579
4.0, 440
3.5, 1092
4.5, 318
4.5, 308
4.0, 750
4.0, 702
4.0, 642
4.5, 285
4.0, 676
3.5, 1618
4.0, 724
4.0, 627
4.0, 877
4.0, 494
4.0, 565
4.0, 524
4.0, 561
4.5, 214
3.5, 1012
4.5, 455
4.5, 397
4.5, 357
4.0, 560
4.5, 388
4.0, 483
4.0, 830
4.0, 399
4.0, 757
4.0, 593
4.5, 214
3.5, 1099
4.0, 638
4.0, 728
4.0, 490
4.0, 614
4.0, 511
4.0, 576
4.0, 582
4.5, 363
4.5, 309
4.5, 186
5.0, 149
4.0, 541
3.5, 1040
4.5, 371
4.0, 807
3.5, 1165
4.0, 427
4.0, 906
4.0, 548
4.0, 404
4.0, 548
4.0, 547
4.5, 329
4.5, 435
4.5, 237
4.5, 407
4.0, 686
4.0, 964
4.5, 370
4.5, 298
4.0, 781
4.0, 579
4.0, 686
4.5, 265
4.0, 626
4.0, 453
4.0, 824
5.0, 136
4.0, 405
4.0, 679
4.0, 645
4.0, 410
4.5, 265
4.0, 675
4.0, 602
4.0, 573
4.0, 492
3.5, 1295
4.0, 722
3.5, 774
3.5, 1571
4.0, 417
4.0, 407
4.0, 785
4.0, 534
4.0, 467
3.5, 1034
4.0, 791
4.5, 291
3.5, 1259
3.5, 1111
4.0, 552
4.0, 544
4.0, 458
4.5, 270
4.0, 714
4.5, 300
3.5, 1293
4.5, 341
4.5, 367
4.0, 618
4.0, 719
4.0, 765
4.0, 524
4.5, 224
4.5, 361
4.0, 584
5.0, 148
4.5, 294
4.5, 271
4.0, 516
4.0, 419
4.0, 650
4.0, 517
4.0, 645
4.0, 654
4.5, 436
4.5, 335
4.5, 250
4.0, 641
4.0, 383
4.5, 298
3.5, 1202
4.0, 787
4.5, 276
4.5, 219
3.5, 1224
4.5, 258
4.0, 444
4.5, 376
4.0, 598
4.0, 566
4.0, 481
4.0, 404
4.5, 351
5.0, 164
4.5, 333
4.0, 432
3.5, 897
4.0, 567
4.0, 498
4.0, 500
4.0, 401
4.0, 660
4.5, 234
4.0, 669
4.0, 376
4.0, 452
4.0, 393
4.0, 680
4.5, 258
3.5, 1164
4.5, 196
4.0, 904
4.0, 460
4.0, 336
4.0, 687
3.5, 860
4.5, 394
4.0, 525
4.0, 845
4.0, 646
4.5, 364
4.0, 649
4.0, 520
4.0, 461
4.5, 223
4.5, 200
4.0, 467
4.0, 390
4.0, 479
3.5, 1458
4.0, 656
4.0, 840
4.0, 695
4.0, 641
3.5, 866
4.0, 607
4.0, 424
4.0, 756
3.5, 860
4.0, 487
4.5, 236
4.0, 324
4.0, 395
4.0, 454
4.0, 388
4.0, 587
4.0, 509
3.5, 955
4.0, 560
4.0, 594
4.0, 728
4.5, 327
4.0, 485
4.0, 448
4.0, 564
4.0, 482
4.0, 358
4.0, 491
5.0, 178
4.5, 173
4.5, 276
4.0, 373
4.0, 574
4.0, 384
4.5, 291
4.0, 381
4.0, 337
4.0, 463
4.0, 448
4.0, 464
4.0, 514
4.0, 592
4.5, 310
4.5, 165
4.0, 450
4.0, 1036
4.0, 332
4.0, 481
4.0, 526
4.0, 600
4.5, 242
4.0, 646
4.5, 185
4.0, 681
4.0, 563
4.5, 222
3.5, 865
4.0, 442
4.5, 257
4.0, 395
4.5, 372
4.5, 1156
3.5, 1129
4.0, 390
4.5, 241
4.0, 421
4.5, 207
3.5, 689
4.0, 611
3.5, 878
4.5, 256
4.5, 258
4.0, 509
4.0, 483
4.5, 200
4.0, 301
4.0, 508
4.0, 531
4.0, 475
4.5, 1190
4.5, 282
4.5, 194
4.0, 490
4.5, 295
4.0, 421
4.0, 359
4.0, 394
4.0, 527
4.0, 540
4.5, 308
3.5, 689
4.0, 730
4.5, 213
3.5, 632
4.0, 493
4.0, 651
4.0, 490
4.5, 180
4.0, 323
3.5, 619
3.5, 724
4.0, 594
3.5, 668
4.0, 378
4.5, 182
4.0, 408
4.0, 483
4.0, 297
3.5, 710
4.0, 444
3.5, 635
4.0, 265
3.5, 645
4.0, 437
4.0, 339
4.0, 359
4.0, 392
3.5, 698
4.0, 349
3.5, 778
4.5, 178
4.0, 512
4.0, 268
3.5, 603
3.5, 659
4.5, 237
4.0, 497
3.5, 567
3.5, 831
3.5, 645
4.0, 363
4.5, 176
4.0, 373
4.0, 378
4.0, 351
4.0, 445
4.0, 401
4.0, 309
3.5, 964
4.0, 359
4.5, 138
4.5, 163
4.0, 424
4.5, 142
3.5, 599
3.5, 537
4.0, 237
4.0, 381
4.0, 356
4.0, 336
4.0, 288
3.5, 635
4.0, 326
4.0, 245
4.5, 169
3.5, 642
4.0, 263
4.0, 256
4.0, 331
3.5, 517
4.0, 277
4.0, 457
4.5, 185
3.5, 958
4.0, 266
4.0, 282
4.0, 448
4.0, 360
4.0, 248
4.0, 233
4.0, 415
4.0, 189
3.5, 417
4.0, 286
4.5, 483
4.5, 119
4.0, 178
4.0, 240
4.0, 278
4.0, 179
3.5, 417
4.0, 381
3.5, 407
4.0, 182
3.5, 617
4.0, 2621
3.5, 440
4.0, 219
4.0, 201
3.5, 498
4.0, 225
3.5, 541
4.5, 92
4.0, 248
3.5, 397
4.5, 134
3.5, 449
4.0, 295
4.5, 108
4.0, 252
4.5, 859
4.0, 216
4.0, 310
4.5, 124
4.0, 646
4.5, 112
3.5, 415
4.0, 236
4.0, 330
3.5, 308
4.0, 282
4.0, 239
4.0, 243
4.0, 233
3.5, 514
4.0, 277
4.0, 167
4.0, 188
4.0, 230
4.0, 207
4.0, 342
4.0, 224
3.5, 344
3.5, 368
4.0, 263
3.5, 365
4.0, 246
3.5, 547
4.0, 173
4.0, 248
3.5, 348
4.0, 287
4.0, 264
4.0, 261
4.0, 294
3.5, 474
4.0, 198
4.0, 286
3.5, 353
3.5, 390
3.5, 325
4.0, 152
3.5, 300
3.5, 322
4.5, 121
3.5, 395
4.0, 193
4.0, 289
3.5, 462
4.0, 1193
3.5, 363
3.5, 334
4.5, 136
4.0, 239
4.0, 203
4.0, 324
4.0, 168
4.0, 210
4.0, 264
4.5, 267
3.5, 477
3.5, 416
4.0, 206
4.0, 225
4.0, 282
4.0, 245
4.0, 150
4.0, 210
3.5, 277
3.5, 293
4.0, 154
4.0, 250
4.0, 177
3.5, 302
4.5, 99
4.0, 204
4.0, 160
3.5, 304
4.5, 103
4.0, 251
3.5, 470
4.0, 205
3.5, 392
4.0, 170
3.5, 312
4.5, 531
3.5, 280
4.0, 166
4.0, 198
3.5, 405
4.0, 174
4.0, 203
4.0, 218
3.5, 405
4.0, 132
3.5, 292
4.0, 185
3.5, 365
4.0, 142
4.0, 130
4.5, 67
4.5, 104
3.5, 219
4.0, 283
3.5, 481
3.5, 241
4.5, 492
4.0, 127
4.0, 146
3.5, 285
4.0, 133
4.0, 141
3.5, 291
3.5, 350
3.5, 435
4.0, 158
4.0, 200
4.0, 614
4.0, 197
3.5, 251
4.5, 71
4.0, 175
3.5, 335
4.0, 341
4.0, 237
4.0, 118
4.0, 229
3.5, 264
4.0, 150
4.5, 336
4.0, 179
4.0, 183
4.0, 148
4.0, 537
4.0, 152
3.5, 219
4.0, 833
3.5, 228
4.0, 172
3.5, 228
4.0, 116
3.5, 333
3.5, 229
3.5, 233
3.5, 233
4.0, 151
4.0, 175
3.5, 244
3.5, 261
3.5, 265
4.5, 76
4.5, 67
4.0, 114
4.0, 589
3.5, 210
3.5, 467
3.5, 232
3.5, 236
3.5, 236
4.5, 54
3.5, 239
4.0, 729
3.5, 274
4.5, 68
3.5, 345
4.5, 171
3.5, 239
4.0, 134
4.0, 196
4.0, 84
3.5, 301
4.0, 172
3.5, 234
3.5, 353
4.0, 761
3.5, 160
4.0, 127
4.5, 299
4.0, 548
4.0, 94
3.5, 231
4.5, 61
3.5, 285
3.5, 171
3.5, 188
3.5, 177
4.0, 131
3.5, 213
3.5, 246
3.5, 194
4.0, 143
4.0, 85
3.5, 305
3.5, 219
4.0, 145
4.0, 142
4.5, 59
4.0, 83
4.0, 88
3.5, 176
4.0, 576
3.5, 219
4.0, 733
4.0, 130
3.5, 276
4.5, 360
3.5, 216
3.5, 264
4.0, 126
4.0, 124
4.0, 110
3.5, 200
4.0, 112
3.5, 232
4.5, 40
3.5, 183
3.5, 243
4.0, 124
3.5, 228
4.5, 140
3.5, 318
3.5, 224
4.0, 402
3.5, 276
4.5, 43
4.0, 339
4.0, 630
3.5, 180
3.5, 200
4.5, 70
3.5, 193
4.0, 359
3.5, 152
4.0, 108
4.0, 92
3.5, 211
3.5, 205
4.0, 97
3.5, 149
4.0, 97
3.5, 258
4.0, 108
3.5, 213
4.0, 456
3.5, 148
4.0, 456
4.5, 582
3.5, 170
3.0, 299
4.5, 54
4.5, 35
4.5, 197
3.5, 189
3.5, 192
4.0, 93
3.5, 213
4.5, 577
4.0, 254
4.5, 373
4.5, 211
3.5, 157
3.5, 195
3.5, 136
3.5, 128
3.5, 189
3.5, 132
4.0, 120
3.5, 171
3.5, 160
4.0, 255
3.5, 236
3.5, 189
3.5, 160
4.0, 286
4.0, 323
3.5, 214
3.0, 220
4.0, 405
3.5, 120
4.0, 58
4.0, 622
3.5, 122
3.5, 224
4.0, 415
3.0, 245
3.5, 185
3.5, 172
4.5, 36
3.5, 209
3.0, 249
4.0, 206
4.5, 225
4.0, 103
3.5, 170
3.5, 223
4.0, 144
3.5, 117
4.5, 138
3.5, 156
4.0, 103
3.5, 107
3.5, 110
4.0, 541
4.0, 158
3.5, 195
4.0, 69
3.5, 114
3.5, 111
3.5, 183
4.0, 272
3.5, 125
3.5, 95
4.5, 193
4.5, 34
4.5, 35
3.5, 446
3.0, 299
4.5, 43
4.0, 86
3.5, 146
3.5, 108
3.5, 176
3.5, 153
3.5, 148
3.5, 103
4.0, 69
4.0, 321
4.0, 164
3.5, 298
3.5, 128
4.0, 64
4.0, 78
4.0, 406
3.0, 238
3.5, 138
3.5, 98
4.0, 185
4.0, 332
4.0, 396
4.0, 89
4.5, 134
3.0, 206
4.5, 169
4.0, 281
3.5, 437
4.5, 117
4.0, 283
3.0, 176
4.0, 90
4.0, 49
4.0, 81
5.0, 23
4.0, 79
4.5, 119
3.5, 159
4.0, 358
3.5, 125
3.5, 85
3.5, 136
4.0, 69
4.5, 114
3.0, 169
3.5, 87
3.5, 321
4.5, 31
3.5, 83
4.0, 75
3.0, 197
3.5, 90
4.5, 134
3.5, 120
3.0, 264
3.5, 114
3.0, 205
4.0, 170
3.5, 90
4.0, 426
3.5, 654
4.0, 59
4.0, 41
4.0, 198
3.0, 154
3.5, 90
4.0, 59
3.5, 128
4.5, 136
3.5, 74
3.0, 186
4.0, 303
4.0, 63
3.5, 176
3.5, 113
3.0, 266
4.5, 191
3.5, 130
3.0, 169
4.0, 69
4.0, 313
4.0, 280
3.5, 105
4.0, 308
4.0, 64
3.0, 154
4.0, 58
4.0, 243
4.0, 295
4.5, 241
4.0, 39
4.0, 46
3.5, 420
4.0, 215
4.0, 127
4.0, 371
4.0, 211
4.5, 174
3.5, 83
4.0, 60
4.0, 451
4.0, 198
4.5, 31
3.5, 117
3.5, 68
3.5, 118
3.0, 152
3.5, 77
4.0, 58
4.0, 37
3.5, 72
4.0, 238
4.5, 112
4.0, 38
3.5, 79
3.5, 74
3.5, 78
3.0, 144
4.0, 50
4.0, 236
3.0, 127
4.5, 95
3.5, 72
4.0, 771
4.5, 222
3.0, 107
4.0, 483
3.5, 75
4.0, 253
4.0, 30
3.0, 132
3.0, 148
4.0, 170
3.5, 60
4.5, 233
4.5, 129
3.5, 93
4.0, 286
4.5, 250
4.0, 197
3.5, 272
3.5, 250
4.0, 102
3.5, 104
4.0, 266
4.0, 221
3.5, 59
3.5, 77
3.5, 74
4.0, 38
5.0, 75
3.5, 349
4.0, 222
3.5, 58
4.0, 49
4.0, 113
4.5, 154
4.0, 292
4.0, 36
3.5, 244
4.0, 38
3.5, 65
4.5, 45
3.5, 71
3.5, 93
3.5, 87
4.5, 115
4.0, 85
3.5, 82
3.5, 83
4.5, 140
4.0, 38
4.5, 202
4.0, 89
3.5, 79
3.5, 64
3.0, 103
4.0, 265
3.5, 62
3.0, 109
4.0, 216
4.0, 232
4.0, 376
5.0, 77
4.0, 47
4.0, 239
4.0, 307
3.5, 53
3.5, 85
4.5, 101
3.0, 114
4.0, 241
3.5, 183
4.5, 99
4.0, 178
3.5, 226
4.0, 404
4.0, 168
3.0, 102
4.0, 138
3.5, 392
4.0, 43
3.5, 62
3.5, 66
4.0, 52
4.0, 220
3.5, 47
3.5, 40
4.0, 286
3.0, 81
4.5, 120
4.5, 125
4.0, 190
3.0, 109
4.0, 99
3.0, 129
4.0, 32
3.0, 71
2.5, 233
3.0, 96
4.5, 73
4.5, 101
4.0, 110
3.0, 86
3.5, 233
4.0, 143
4.5, 48
4.0, 164
3.0, 82
3.5, 382
4.5, 33
4.0, 33
4.0, 221
3.5, 36
3.0, 82
3.5, 84
2.5, 160
4.5, 44
4.5, 15
3.5, 45
4.0, 177
3.5, 198
4.5, 37
3.5, 188
4.0, 141
4.0, 107
3.0, 55
3.5, 170
4.0, 157
4.5, 41
3.5, 227
3.0, 91
4.5, 43
3.0, 65
3.5, 247
4.0, 96
4.0, 200
3.5, 44
4.0, 170
3.0, 91
4.0, 25
3.5, 108
4.5, 72
3.5, 97
4.0, 77
3.5, 123
4.0, 176
4.0, 26
4.0, 280
3.0, 77
3.0, 63
4.0, 85
4.5, 74
4.0, 91
4.0, 83
3.5, 39
4.0, 106
2.5, 92
4.0, 104
3.0, 70
3.5, 109
4.0, 112
3.0, 57
4.5, 65
3.5, 35
3.5, 130
3.5, 42
4.0, 112
3.5, 34
4.0, 184
4.5, 29
2.5, 116
4.0, 14
3.5, 168
4.0, 70
4.0, 171
3.5, 52
3.5, 212
4.0, 22
3.0, 38
3.5, 251
4.5, 98
3.5, 177
4.0, 17
4.5, 52
3.5, 188
3.0, 68
4.0, 117
4.5, 40
3.5, 220
3.5, 87
2.5, 131
4.5, 30
4.0, 17
4.0, 53
2.5, 76
3.0, 51
4.5, 54
3.5, 38
4.0, 14
4.5, 32
3.5, 99
3.5, 62
3.5, 150
4.0, 115
3.5, 114
3.5, 224
2.5, 106
3.0, 152
3.5, 116
4.0, 88
3.5, 26
4.0, 110
4.5, 20
4.5, 54
4.0, 103
3.5, 23
4.0, 44
4.0, 109
3.0, 39
4.0, 51
3.5, 78
4.0, 84
3.5, 170
3.5, 112
3.5, 233
3.0, 57
4.0, 38
4.0, 107
3.5, 129
2.5, 91
2.5, 73
4.5, 27
4.0, 12
3.0, 30
3.0, 278
4.5, 9
3.5, 129
3.5, 23
4.0, 77
3.0, 181
4.5, 75
3.5, 24
3.0, 33
4.0, 23
3.5, 24
4.5, 42
4.0, 53
3.5, 61
3.0, 195
4.0, 16
3.5, 55
3.0, 225
4.0, 18
2.5, 63
3.5, 149
4.5, 46
4.5, 8
4.0, 41
3.5, 55
4.0, 78
4.0, 121
4.0, 45
4.0, 22
3.5, 86
3.0, 145
4.0, 68
3.5, 122
3.5, 113
4.0, 32
5.0, 25
3.5, 78
3.5, 140
3.5, 77
3.5, 19
3.5, 85
4.5, 9
4.0, 8
4.0, 30
3.0, 117
4.0, 35
2.5, 63
4.0, 27
3.0, 110
4.0, 32
3.0, 135
3.5, 77
3.0, 166
3.5, 110
3.5, 20
3.0, 141
3.0, 24
4.0, 589
4.0, 470
4.0, 688
4.0, 381
4.5, 244
3.5, 771
4.0, 554
3.5, 849
4.0, 366
4.0, 555
4.0, 543
3.5, 723
3.5, 1105
4.5, 180
3.5, 864
3.5, 585
3.5, 584
4.0, 288
4.0, 294
4.0, 441
3.5, 658
4.0, 368
4.0, 486
3.5, 608
3.5, 741
3.5, 660
3.5, 589
4.0, 414
4.0, 299
4.0, 317
3.5, 831
3.5, 476
4.0, 365
4.0, 204
3.5, 999
3.5, 502
3.5, 810
4.0, 290
4.0, 415
3.5, 581
4.0, 307
3.5, 635
4.0, 241
4.0, 357
3.5, 420
4.0, 343
3.5, 412
3.5, 428
4.0, 360
4.0, 384
3.5, 478
3.5, 480
4.5, 144
4.0, 190
4.0, 262
3.5, 622
4.0, 287
4.0, 317
3.5, 585
3.5, 626
4.0, 260
4.0, 253
4.0, 265
4.0, 147
3.5, 360
3.5, 305
3.5, 310
3.5, 348
3.5, 396
4.0, 181
3.5, 321
4.0, 182
3.5, 392
4.0, 136
4.0, 298
4.0, 229
4.5, 534
3.5, 297
4.0, 241
4.0, 213
3.5, 361
3.5, 422
4.5, 335
3.5, 381
3.5, 425
4.0, 136
3.5, 358
4.5, 71
4.0, 184
3.5, 429
4.0, 160
3.5, 273
3.5, 328
3.5, 244
4.0, 234
3.5, 375
3.5, 382
4.5, 465
3.5, 463
3.5, 223
4.0, 105
4.0, 590
3.5, 428
4.0, 124
3.5, 276
4.0, 1615
4.0, 176
3.5, 249
4.0, 98
3.5, 191
3.5, 205
4.5, 60
3.5, 248
3.5, 161
4.0, 82
4.0, 86
4.0, 158
3.5, 244
3.5, 162
4.0, 725
4.0, 120
4.0, 151
3.5, 238
3.5, 229
3.5, 165
3.5, 327
4.0, 967
3.5, 234
3.5, 210
3.5, 218
4.0, 109
3.5, 169
3.5, 605
4.5, 63
3.5, 190
4.5, 47
4.0, 258
4.0, 129
4.0, 118
4.5, 163
3.5, 210
4.5, 194
4.5, 47
3.5, 222
4.5, 300
4.5, 57
4.5, 58
4.5, 61
3.5, 246
3.5, 128
3.5, 355
3.5, 114
3.5, 663
4.0, 280
3.0, 288
3.5, 184
3.5, 213
3.0, 245
4.0, 98
3.5, 163
4.5, 302
4.0, 109
4.0, 70
4.0, 74
3.5, 133
3.5, 206
4.0, 231
4.0, 248
4.0, 178
4.0, 674
3.5, 129
3.0, 259
3.5, 154
3.0, 235
3.0, 224
3.5, 146
4.5, 29
3.5, 163
3.5, 159
4.0, 237
3.0, 211
4.0, 74
4.0, 341
4.0, 79
3.5, 159
4.0, 45
4.5, 36
4.0, 76
4.0, 305
3.5, 114
3.5, 133
4.5, 41
3.5, 668
4.0, 226
4.0, 64
4.5, 28
3.5, 111
4.0, 153
3.5, 542
4.5, 146
4.5, 107
4.0, 46
3.5, 134
4.0, 56
3.5, 112
4.5, 249
4.0, 182
4.0, 259
3.5, 437
4.0, 168
3.5, 124
4.5, 32
4.0, 54
3.5, 108
3.5, 112
4.0, 400
4.0, 62
3.5, 1146
3.0, 185
3.5, 89
3.5, 387
4.0, 183
3.5, 101
3.5, 89
3.5, 69
3.5, 105
4.5, 76
4.5, 126
3.5, 72
4.0, 291
3.5, 68
3.0, 147
4.0, 132
4.5, 17
3.5, 67
4.0, 238
3.0, 171
4.0, 370
4.5, 21
3.0, 155
3.0, 156
3.5, 64
4.5, 87
4.0, 38
3.5, 82
3.5, 437
3.5, 81
4.0, 39
4.5, 88
3.5, 265
3.5, 64
4.5, 28
3.0, 106
4.5, 69
3.5, 89
4.0, 68
4.0, 259
3.5, 402
3.5, 97
4.5, 62
3.5, 47
3.0, 118
3.5, 90
3.5, 225
2.5, 197
4.0, 36
4.0, 256
4.5, 148
2.5, 300
4.5, 112
3.5, 75
5.0, 68
4.5, 56
4.5, 24
4.5, 23
3.5, 162
4.0, 153
4.0, 203
4.0, 380
3.0, 131
3.0, 118
4.0, 22
4.0, 301
4.0, 29
3.0, 114
3.5, 64
3.5, 73
4.0, 40
3.0, 124
3.5, 48
3.0, 111
4.0, 151
3.5, 217
4.0, 203
3.5, 71
4.0, 192
4.0, 31
4.5, 16
4.0, 104
3.5, 68
4.0, 179
3.5, 457
4.5, 84
4.0, 73
3.0, 122
3.0, 99
3.5, 359
5.0, 27
3.0, 69
4.0, 196
3.0, 103
3.0, 111
4.0, 84
4.0, 29
3.0, 85
3.0, 96
3.0, 94
4.0, 142
4.0, 225
4.0, 28
4.0, 35
3.5, 173
4.0, 165
4.5, 37
3.5, 199
5.0, 40
4.0, 154
3.0, 108
3.0, 76
4.0, 111
4.5, 19
3.0, 55
3.5, 48
4.0, 87
4.0, 213
3.0, 99
3.0, 258
4.0, 183
3.0, 85
3.5, 27
5.0, 11
3.0, 72
5.0, 9
4.5, 99
3.0, 62
3.0, 83
3.5, 218
2.5, 141
4.0, 20
3.0, 83
2.5, 113
4.0, 56
2.5, 106
2.5, 113
5.0, 39
4.5, 16
4.5, 39
4.5, 107
3.5, 184
4.0, 133
3.5, 261
3.5, 193
3.0, 207
4.5, 29
4.0, 111
4.0, 21
3.5, 30
4.0, 65
3.0, 56
3.5, 304
3.0, 67
4.5, 37
5.0, 17
3.0, 55
4.0, 18
4.5, 46
4.0, 64
4.0, 150
4.5, 11
3.5, 192
2.5, 92
4.0, 20
4.0, 68
3.5, 143
3.5, 312
4.5, 99
3.0, 45
3.0, 44
3.0, 50
4.0, 44
4.0, 17
4.5, 74
3.5, 20
4.0, 38
2.5, 71
3.0, 48
3.5, 19
2.5, 63
4.0, 155
4.0, 139
3.0, 35
4.0, 106
2.5, 70
4.0, 110
4.0, 55
3.5, 190
4.5, 68
4.0, 31
2.5, 66
3.5, 23
3.5, 101
3.5, 35
4.0, 94
4.0, 34
5.0, 17
2.5, 63
4.5, 9
4.0, 139
3.0, 284
4.0, 64
2.5, 85
3.5, 93
4.0, 72
2.5, 81
4.0, 126
3.0, 197
4.5, 55
3.5, 27
4.0, 64
4.5, 70
3.5, 95
4.5, 9
4.0, 41
3.5, 118
3.5, 146
4.0, 119
3.5, 48
3.0, 121
2.5, 75
4.0, 76
4.0, 43
5.0, 10
4.0, 33
3.5, 81
2.5, 53
4.5, 19
4.0, 19
3.5, 143
3.0, 52
2.5, 75
3.5, 70
3.0, 46
4.5, 29
4.5, 26
3.0, 102
4.0, 25
3.5, 155
4.5, 36
2.5, 41
4.0, 32
2.5, 45
3.5, 59
3.0, 220
3.0, 91
3.5, 60
2.5, 53
3.5, 78
2.5, 231
4.5, 6
4.5, 19
3.0, 100
3.5, 47
3.0, 31
2.5, 49
4.0, 73
4.5, 7
3.5, 85
3.5, 60
3.5, 155
5.0, 14
3.0, 23
3.5, 76
3.5, 18
4.0, 87
3.0, 29
4.0, 31
3.5, 37
4.5, 36
2.5, 183
3.0, 33
2.5, 46
3.0, 118
4.5, 25
4.0, 20
4.5, 14
2.0, 65
5.0, 26
3.5, 47
3.5, 18
4.0, 46
4.5, 15
4.0, 45
4.0, 37
4.0, 94
3.5, 137
3.5, 65
3.5, 85
4.0, 50
3.0, 164
3.5, 149
3.5, 41
4.0, 60
3.5, 85
4.0, 34
3.0, 25
3.0, 47
2.5, 47
4.0, 41
3.5, 119
3.5, 91
4.0, 8
4.5, 12
3.5, 13
3.5, 94
3.5, 39
3.5, 56
4.5, 27
3.5, 34
2.5, 39
2.5, 44
3.5, 34
3.5, 109
4.5, 19
3.5, 81
4.0, 28
4.5, 5
4.0, 9
3.5, 91
4.5, 5
4.5, 21
4.5, 16
4.0, 49
4.0, 50
5.0, 13
3.5, 75
2.5, 31
3.5, 14
4.0, 53
4.0, 40
5.0, 4
3.5, 12
4.0, 29
4.0, 35
3.0, 19
4.5, 12
3.0, 16
4.5, 11
3.0, 46
3.0, 47
3.0, 100
3.5, 22
2.5, 26
3.0, 96
4.5, 4
3.5, 9
3.5, 81
3.0, 14
3.5, 30
2.5, 29
4.5, 42
4.0, 5
2.0, 39
3.0, 21
5.0, 3
2.5, 25
3.5, 27
3.0, 115
5.0, 8
3.5, 48
2.5, 94
4.5, 9
3.0, 15
3.0, 169
3.5, 33
4.5, 4
2.5, 23
3.0, 72
3.0, 63
3.0, 36
2.0, 32
3.5, 62
4.5, 21
3.5, 27
4.0, 35
4.5, 4
3.5, 53
4.0, 9
3.5, 32
3.5, 13
4.0, 29
3.0, 10
4.0, 43
2.5, 27
4.0, 35
4.5, 18
4.0, 14
3.5, 60
4.5, 3
2.5, 162
4.5, 26
2.5, 129
4.5, 15
4.0, 34
4.0, 20
4.0, 25
3.0, 79
4.0, 8
3.0, 83
3.5, 36
4.0, 23
4.5, 8
3.0, 12
4.0, 28
4.5, 3
3.0, 12
2.0, 25
3.5, 8
3.0, 11
4.0, 18
3.5, 7
3.5, 25
4.0, 13
2.5, 20
2.5, 72
4.0, 5
4.5, 4
4.0, 22
2.5, 15
3.5, 47
4.0, 15
4.0, 9
3.5, 7
4.5, 7
4.0, 22
2.5, 13
3.5, 29
5.0, 2
3.5, 25
3.5, 19
5.0, 6
3.0, 67
5.0, 2
4.0, 16
4.0, 21
5.0, 7
3.5, 5
3.5, 38
4.5, 12
3.5, 27
3.0, 52
3.5, 4
3.0, 20
3.5, 17
2.5, 13
3.0, 26
3.5, 29
5.0, 4
4.0, 8
2.5, 69
4.5, 12
2.0, 108
3.5, 21
3.5, 25
3.5, 38
2.5, 11
3.0, 35
3.5, 44
2.5, 16
4.5, 2
4.5, 2
3.0, 30
3.0, 6
3.5, 6
4.0, 12
2.0, 41
4.5, 3
3.0, 41
3.5, 20
2.5, 9
5.0, 6
4.5, 7
2.5, 50
2.0, 20
2.0, 12
4.0, 13
2.5, 39
2.5, 31
3.5, 23
3.0, 32
3.5, 3
4.0, 10
3.5, 9
4.5, 9
4.0, 8
3.5, 13
2.0, 14
4.0, 17
2.5, 38
3.0, 29
2.5, 20
4.0, 2
2.5, 7
4.0, 18
4.5, 4
3.5, 16
3.5, 3
3.5, 13
4.5, 4
3.5, 9
5.0, 5
4.0, 10
2.5, 36
5.0, 3
5.0, 5
2.5, 38
4.5, 2
2.5, 7
4.0, 7
3.0, 30
3.0, 35
3.5, 15
4.5, 5
4.0, 8
5.0, 3
4.5, 5
3.5, 10
4.5, 3
2.5, 38
5.0, 4
5.0, 1
5.0, 1
3.5, 16
5.0, 1
4.5, 8
4.0, 6
2.5, 9
5.0, 1
3.5, 11
2.5, 39
3.0, 27
3.0, 18
5.0, 1
4.0, 5
3.0, 36
3.5, 9
4.5, 4
5.0, 1
4.0, 13
3.0, 16
1.0, 16
3.5, 11
3.5, 11
2.0, 5
4.0, 9
3.0, 3
3.0, 3
2.5, 36
3.5, 13
5.0, 3
3.5, 16
3.5, 2
1.5, 41
4.5, 3
4.0, 1
2.5, 3
2.5, 16
3.5, 13
4.5, 5
3.5, 9
4.0, 1
5.0, 3
3.5, 6
4.0, 9
3.0, 10
2.5, 13
2.0, 7
5.0, 2
2.5, 17
4.0, 1
3.0, 10
4.0, 1
5.0, 3
4.5, 5
3.5, 9
4.5, 3
2.5, 15
4.0, 1
2.5, 32
4.0, 7
3.5, 9
4.5, 3
4.0, 7
4.0, 1
4.0, 1
1.5, 37
3.5, 3
5.0, 4
2.5, 3
5.0, 1
2.5, 16
4.0, 6
5.0, 2
5.0, 1
2.5, 2
2.5, 2
4.0, 4
3.5, 9
2.5, 16
5.0, 2
2.0, 15
2.5, 15
3.5, 3
5.0, 1
2.5, 2
5.0, 1
2.5, 2
3.0, 1
2.5, 14
2.5, 23
5.0, 1
2.5, 2
5.0, 2
3.0, 1
4.0, 5
4.5, 4
2.5, 14
4.5, 3
3.0, 11
3.0, 1
2.5, 7
3.5, 7
4.0, 5
1.5, 3
5.0, 1
5.0, 1
5.0, 1
4.0, 1
4.5, 3
1.0, 4
3.0, 4
3.5, 3
3.5, 3
3.0, 6
4.0, 4
1.5, 3
3.0, 5
4.5, 2
3.5, 6
2.5, 14
2.5, 22
4.0, 3
4.5, 2
3.5, 7
4.0, 3
4.0, 2
2.0, 1
2.0, 1
2.0, 1
5.0, 1
2.5, 9
2.5, 8
3.0, 7
2.0, 1
2.0, 6
2.0, 1
2.0, 1
3.5, 3
2.5, 5
4.5, 2
3.0, 9
4.0, 4
2.0, 1
5.0, 1
5.0, 1
2.0, 1
2.0, 6
2.5, 4
4.0, 1
4.5, 5
3.0, 2
2.5, 12
2.5, 6
3.5, 3
4.0, 2
2.5, 2
5.0, 1
4.5, 3
2.5, 2
2.0, 3
2.5, 6
0.0, 0
4.0, 1
1.0, 1
1.0, 2
1.0, 1
5.0, 1
5.0, 1
3.5, 3
5.0, 1
3.5, 3
5.0, 1
3.0, 1
4.0, 1
4.0, 1
4.0, 1
4.0, 1
2.0, 5
3.5, 2
3.0, 3
3.0, 1
3.5, 2
2.0, 6
3.0, 2
4.0, 1
4.0, 1
4.0, 1
2.0, 1
4.0, 1
3.5, 3
3.0, 1
5.0, 1
4.0, 1
4.0, 1
2.0, 1
2.5, 3
3.5, 745
4.0, 317
4.0, 340
3.5, 1035
3.5, 604
4.0, 495
4.0, 557
4.0, 390
4.5, 222
3.5, 600
3.5, 807
3.5, 988
4.0, 303
3.5, 642
4.0, 388
4.0, 305
3.5, 546
3.5, 498
4.0, 359
4.0, 231
4.5, 109
4.0, 308
4.0, 274
3.5, 467
4.0, 190
4.0, 162
3.5, 285
4.0, 222
4.0, 238
3.5, 260
4.0, 182
4.5, 83
4.5, 82
4.0, 149
4.5, 82
3.5, 315
3.5, 351
3.5, 175
3.5, 278
4.5, 32
4.5, 67
4.0, 105
4.5, 85
4.0, 127
4.0, 113
3.5, 184
3.5, 160
3.5, 182
4.0, 524
4.0, 537
4.0, 79
3.5, 122
4.5, 39
4.5, 143
4.0, 75
4.5, 34
4.0, 302
4.5, 32
4.5, 42
3.5, 77
3.5, 97
3.5, 85
4.5, 109
3.5, 608
4.5, 205
4.5, 23
4.0, 182
4.0, 149
3.5, 102
4.0, 39
3.5, 63
3.5, 62
4.0, 33
3.5, 69
3.5, 64
3.5, 69
3.5, 346
3.5, 240
4.5, 96
3.5, 77
3.5, 58
5.0, 52
4.0, 37
4.0, 161
4.0, 269
4.0, 38
4.0, 115
4.5, 18
4.0, 152
4.0, 21
3.5, 158
3.0, 59
4.5, 17
5.0, 28
4.5, 61
4.0, 131
4.0, 57
2.5, 100
3.5, 40
4.5, 91
4.0, 87
3.0, 71
2.5, 85
3.5, 32
3.5, 28
2.5, 90
3.5, 131
3.0, 86
3.5, 27
4.0, 136
4.0, 40
4.0, 17
3.0, 49
3.5, 18
3.5, 173
3.5, 175
4.0, 47
3.0, 25
4.0, 71
2.5, 51
4.5, 27
3.5, 157
3.0, 230
4.0, 66
4.0, 9
4.0, 59
4.5, 7
4.5, 6
4.0, 54
3.5, 66
3.5, 12
3.0, 16
4.5, 15
2.5, 22
4.0, 28
4.5, 9
4.0, 38
3.5, 10
3.0, 62
3.0, 8
3.0, 8
5.0, 2
4.5, 8
4.0, 6
5.0, 2
4.0, 3
4.0, 2
3.0, 5
3.0, 4
3.5, 8
2.5, 4
5.0, 3
2.5, 4
3.0, 1
3.0, 1
4.0, 4
5.0, 2
2.0, 1
5.0, 1
4.5, 177
3.5, 1100
3.5, 1467
3.5, 770
4.0, 455
4.5, 251
4.0, 424
3.5, 547
3.5, 774
4.5, 181
4.0, 256
5.0, 89
3.5, 606
4.0, 448
3.5, 519
4.5, 211
4.5, 162
4.5, 123
3.5, 795
4.0, 237
4.0, 189
3.5, 385
4.0, 636
4.0, 250
4.5, 694
3.5, 483
3.5, 2824
4.0, 246
3.5, 532
4.0, 2236
3.5, 279
3.5, 349
3.5, 318
4.5, 86
4.0, 251
3.5, 280
4.0, 629
4.0, 243
4.0, 191
3.5, 326
3.5, 367
3.5, 342
4.0, 189
3.5, 371
3.5, 464
3.5, 410
4.0, 182
4.0, 232
4.0, 194
4.0, 178
3.5, 420
3.5, 218
3.5, 287
4.0, 179
4.0, 152
3.5, 241
3.5, 324
3.5, 318
3.5, 194
4.0, 119
3.5, 185
3.5, 211
4.0, 1047
4.5, 78
4.0, 87
3.5, 295
4.0, 128
4.0, 87
3.5, 212
3.5, 335
4.0, 167
3.5, 348
3.5, 174
4.5, 73
4.0, 95
4.0, 79
3.5, 326
4.0, 137
3.5, 329
3.0, 296
4.5, 37
4.0, 360
4.5, 540
4.0, 258
3.5, 206
4.5, 346
3.5, 193
4.0, 79
3.5, 155
4.0, 109
3.5, 205
4.0, 67
3.0, 281
3.5, 178
3.5, 180
3.0, 222
3.5, 1253
4.5, 352
3.5, 131
3.5, 159
3.5, 102
4.0, 257
4.0, 296
3.5, 154
3.5, 426
4.0, 295
4.0, 72
3.5, 113
4.0, 77
4.0, 218
3.5, 500
3.5, 128
4.0, 44
3.0, 182
4.0, 260
4.0, 181
4.5, 120
4.5, 137
3.0, 201
3.5, 226
4.5, 84
3.5, 83
4.0, 43
4.5, 169
4.0, 29
3.5, 179
4.0, 207
3.0, 240
2.5, 187
3.5, 429
3.5, 240
4.5, 62
4.5, 18
4.0, 354
4.0, 172
3.5, 256
4.0, 206
4.0, 122
4.5, 25
4.0, 182
4.0, 86
3.5, 406
4.0, 32
3.5, 237
4.0, 166
4.0, 196
4.0, 285
4.5, 97
4.0, 143
4.5, 146
4.0, 23
4.0, 266
4.0, 32
3.5, 128
4.0, 75
4.0, 231
2.5, 159
4.0, 204
3.5, 187
4.0, 160
4.0, 120
4.0, 120
4.0, 18
3.5, 203
4.5, 13
3.5, 46
4.0, 112
3.5, 291
3.5, 388
4.0, 117
4.0, 114
3.5, 155
3.0, 54
4.5, 63
2.0, 136
4.0, 140
3.0, 220
4.0, 92
2.5, 59
3.0, 120
3.5, 27
3.0, 156
3.5, 105
3.5, 180
3.5, 93
3.5, 130
4.0, 46
4.5, 46
3.5, 229
3.5, 41
5.0, 5
3.5, 52
3.5, 90
3.5, 152
4.0, 98
2.5, 59
3.0, 42
4.0, 60
3.5, 66
4.0, 8
3.5, 140
4.5, 37
4.5, 21
3.5, 122
4.5, 32
3.5, 56
4.0, 56
3.0, 172
2.5, 106
4.0, 43
3.5, 61
4.5, 14
1.5, 72
2.0, 43
4.5, 22
4.5, 21
4.0, 22
4.0, 23
4.5, 11
4.5, 13
4.0, 17
3.5, 9
3.0, 38
2.5, 120
2.0, 30
4.0, 118
3.0, 100
4.0, 30
4.5, 9
4.0, 18
4.5, 3
4.5, 10
3.5, 41
3.0, 6
3.5, 38
3.0, 67
5.0, 6
3.5, 3
5.0, 1
3.0, 15
4.5, 5
5.0, 1
3.0, 12
2.0, 11
3.0, 4
5.0, 3
3.5, 2
4.0, 1
4.0, 10
1.5, 7
1.5, 5
2.5, 2
2.5, 2
3.0, 1
3.0, 1
2.0, 2
2.5, 3
3.0, 5
5.0, 2
5.0, 1
5.0, 1
3.0, 1
1.0, 1
1.0, 1
5.0, 1
4.5, 140
4.0, 388
4.0, 208
4.5, 88
3.0, 112
4.5, 59
3.5, 21
4.5, 15
4.0, 29
3.0, 2
3.5, 10
4.0, 361
4.5, 184
4.0, 408
4.0, 221
4.0, 304
4.0, 454
4.0, 275
4.0, 848
4.0, 315
3.5, 431
3.5, 461
3.5, 425
4.0, 291
4.0, 231
3.5, 392
3.5, 400
3.5, 224
4.0, 160
3.5, 304
4.0, 116
4.5, 268
3.5, 200
3.5, 215
4.0, 100
3.5, 115
4.0, 284
4.5, 117
4.0, 316
4.0, 180
3.0, 173
4.0, 190
4.5, 20
3.5, 83
3.5, 69
4.0, 334
4.0, 102
3.5, 168
3.5, 75
3.0, 80
4.0, 165
3.5, 38
4.5, 27
3.5, 134
4.5, 62
3.0, 76
4.0, 198
2.5, 87
4.0, 110
3.5, 158
3.0, 52
4.0, 121
4.0, 73
4.5, 9
5.0, 31
4.5, 24
3.5, 98
5.0, 5
3.5, 56
3.5, 22
3.5, 46
4.0, 19
5.0, 4
3.5, 17
5.0, 17
3.5, 38
3.5, 95
3.5, 66
4.0, 77
4.5, 10
3.0, 115
3.5, 57
3.5, 31
3.0, 48
3.0, 101
4.0, 29
3.5, 54
4.0, 24
2.5, 28
3.5, 32
3.5, 25
3.0, 63
3.5, 52
3.0, 17
4.5, 15
4.0, 26
2.0, 21
3.5, 22
3.5, 26
5.0, 5
2.5, 75
3.5, 29
2.5, 11
4.0, 17
4.0, 20
3.5, 21
3.5, 25
3.0, 30
4.5, 4
4.0, 12
3.0, 29
3.5, 16
2.5, 44
3.0, 24
3.5, 12
3.5, 10
4.0, 6
5.0, 2
4.0, 7
4.5, 3
4.0, 3
3.5, 9
4.0, 1
3.5, 3
2.5, 15
3.5, 4
4.0, 6
3.5, 7
2.5, 21
2.0, 23
3.0, 14
2.5, 2
2.5, 25
4.0, 2
2.5, 29
2.5, 2
2.5, 40
3.0, 16
2.0, 13
4.5, 2
2.5, 4
3.5, 3
1.5, 44
5.0, 2
3.5, 4
3.5, 6
2.5, 14
2.0, 1
4.0, 1
4.5, 2
5.0, 1
3.0, 7
3.5, 4
3.0, 33
3.0, 5
4.0, 2
5.0, 1
2.5, 4
5.0, 2
3.0, 2
2.5, 9
2.5, 3
2.5, 5
4.0, 1
5.0, 1
2.5, 5
3.5, 3
1.5, 6
2.5, 3
3.0, 1
5.0, 1
2.5, 2
5.0, 1
1.0, 1
3.0, 1
1.0, 2
1.0, 2
4.0, 440
4.5, 299
3.5, 800
3.5, 713
4.0, 484
3.5, 740
4.0, 506
4.0, 421
3.5, 828
4.0, 505
4.0, 229
3.5, 543
3.5, 493
4.0, 292
4.0, 237
4.5, 126
4.5, 1492
3.5, 476
4.0, 241
4.0, 245
3.5, 351
4.0, 488
4.0, 450
3.5, 252
4.0, 154
4.0, 89
3.5, 260
4.0, 135
3.5, 265
4.5, 419
4.5, 54
3.5, 228
4.0, 101
3.5, 99
4.0, 64
4.0, 655
3.0, 276
4.0, 671
3.5, 94
3.0, 190
3.5, 154
3.5, 116
3.0, 162
3.0, 179
4.0, 318
4.0, 107
3.5, 473
3.5, 440
4.0, 286
4.0, 195
4.0, 47
3.5, 189
3.5, 284
2.5, 125
3.5, 238
4.0, 22
3.0, 143
3.0, 224
3.5, 98
4.0, 19
4.5, 10
4.0, 85
4.0, 24
3.5, 60
4.0, 13
3.5, 14
4.0, 87
3.5, 82
3.5, 64
4.5, 6
2.0, 17
4.5, 6
4.0, 8
5.0, 9
2.0, 22
3.0, 6
5.0, 25
4.0, 8
5.0, 4
4.0, 1
4.0, 1
2.0, 20
3.0, 2
5.0, 1
1.0, 1
3.0, 1
